{
  "runs": 1,
  "metrics": {
    "count": 1,
    "backlog_violation_rate": {
      "mean": 1.0,
      "min": 1.0,
      "p50": 1.0,
      "p90": 1.0,
      "max": 1.0
    },
    "bleu": {
      "mean": 18.404362,
      "min": 18.404362,
      "p50": 18.404362,
      "p90": 18.404362,
      "max": 18.404362
    },
    "candidate_units": {
      "mean": 2278.0,
      "min": 2278.0,
      "p50": 2278.0,
      "p90": 2278.0,
      "max": 2278.0
    },
    "cer": {
      "mean": 0.824339,
      "min": 0.824339,
      "p50": 0.824339,
      "p90": 0.824339,
      "max": 0.824339
    },
    "chrf": {
      "mean": 20.628603,
      "min": 20.628603,
      "p50": 20.628603,
      "p90": 20.628603,
      "max": 20.628603
    },
    "deficit_violation_rate": {
      "mean": 1.0,
      "min": 1.0,
      "p50": 1.0,
      "p90": 1.0,
      "max": 1.0
    },
    "duration_end_lag_s": {
      "mean": -328.719542,
      "min": -328.719542,
      "p50": -328.719542,
      "p90": -328.719542,
      "max": -328.719542
    },
    "end_lag_s": {
      "mean": -328.719542,
      "min": -328.719542,
      "p50": -328.719542,
      "p90": -328.719542,
      "max": -328.719542
    },
    "final_arrival_lag_s": {
      "mean": 1.398662,
      "min": 1.398662,
      "p50": 1.398662,
      "p90": 1.398662,
      "max": 1.398662
    },
    "final_target_arrival_s": {
      "mean": 1074.032912,
      "min": 1074.032912,
      "p50": 1074.032912,
      "p90": 1074.032912,
      "max": 1074.032912
    },
    "full_s2s_rtf": {
      "mean": 0.69354,
      "min": 0.69354,
      "p50": 0.69354,
      "p90": 0.69354,
      "max": 0.69354
    },
    "generated_duration_s": {
      "mean": 743.914708,
      "min": 743.914708,
      "p50": 743.914708,
      "p90": 743.914708,
      "max": 743.914708
    },
    "max_backlog_s": {
      "mean": 330.675333,
      "min": 330.675333,
      "p50": 330.675333,
      "p90": 330.675333,
      "max": 330.675333
    },
    "max_deficit_s": {
      "mean": 330.675333,
      "min": 330.675333,
      "p50": 330.675333,
      "p90": 330.675333,
      "max": 330.675333
    },
    "max_playback_queue_s": {
      "mean": 0.0,
      "min": 0.0,
      "p50": 0.0,
      "p90": 0.0,
      "max": 0.0
    },
    "mean_backlog_s": {
      "mean": 170.100458,
      "min": 170.100458,
      "p50": 170.100458,
      "p90": 170.100458,
      "max": 170.100458
    },
    "mean_deficit_s": {
      "mean": 170.100458,
      "min": 170.100458,
      "p50": 170.100458,
      "p90": 170.100458,
      "max": 170.100458
    },
    "mean_playback_queue_s": {
      "mean": 0.0,
      "min": 0.0,
      "p50": 0.0,
      "p90": 0.0,
      "max": 0.0
    },
    "missed_sentence_rate": {
      "mean": 0.0,
      "min": 0.0,
      "p50": 0.0,
      "p90": 0.0,
      "max": 0.0
    },
    "partial_sentence_rate": {
      "mean": 0.0625,
      "min": 0.0625,
      "p50": 0.0625,
      "p90": 0.0625,
      "max": 0.0625
    },
    "reference_units": {
      "mean": 3045.0,
      "min": 3045.0,
      "p50": 3045.0,
      "p90": 3045.0,
      "max": 3045.0
    },
    "sentence_count": {
      "mean": 32.0,
      "min": 32.0,
      "p50": 32.0,
      "p90": 32.0,
      "max": 32.0
    },
    "source_eval_duration_s": {
      "mean": 1072.63425,
      "min": 1072.63425,
      "p50": 1072.63425,
      "p90": 1072.63425,
      "max": 1072.63425
    },
    "source_stream_duration_s": {
      "mean": 1072.63425,
      "min": 1072.63425,
      "p50": 1072.63425,
      "p90": 1072.63425,
      "max": 1072.63425
    },
    "speed_factor": {
      "mean": 1.0,
      "min": 1.0,
      "p50": 1.0,
      "p90": 1.0,
      "max": 1.0
    },
    "wall_clock_end_delay_s": {
      "mean": 3.271206,
      "min": 3.271206,
      "p50": 3.271206,
      "p90": 3.271206,
      "max": 3.271206
    },
    "wall_clock_playback_end_s": {
      "mean": 1075.905456,
      "min": 1075.905456,
      "p50": 1075.905456,
      "p90": 1075.905456,
      "max": 1075.905456
    },
    "wer": {
      "mean": 0.825356,
      "min": 0.825356,
      "p50": 0.825356,
      "p90": 0.825356,
      "max": 0.825356
    }
  },
  "timeline": {
    "count": 108,
    "playback_queue_s": {
      "mean": 0.0,
      "min": 0.0,
      "p50": 0.0,
      "p90": 0.0,
      "max": 0.0
    },
    "source_window_end_s": {
      "mean": 544.931796,
      "min": 10.0,
      "p50": 545.0,
      "p90": 973.0,
      "max": 1072.634
    },
    "source_window_start_s": {
      "mean": 535.0,
      "min": 0.0,
      "p50": 535.0,
      "p90": 963.0,
      "max": 1070.0
    },
    "speed_adjusted_input_end_s": {
      "mean": 544.931796,
      "min": 10.0,
      "p50": 545.0,
      "p90": 973.0,
      "max": 1072.634
    },
    "speed_adjusted_input_start_s": {
      "mean": 535.0,
      "min": 0.0,
      "p50": 535.0,
      "p90": 963.0,
      "max": 1070.0
    },
    "target_audio_deficit_s": {
      "mean": 170.100458,
      "min": 2.738208,
      "p50": 165.982188,
      "p90": 293.30375,
      "max": 330.675333
    },
    "target_audio_emitted_at_window_start_s": {
      "mean": 367.961351,
      "min": 0.0,
      "p50": 370.699062,
      "p90": 673.369888,
      "max": 739.887208
    },
    "target_audio_emitted_until_boundary_s": {
      "mean": 374.831341,
      "min": 7.261792,
      "p50": 379.017812,
      "p90": 679.69625,
      "max": 741.958917
    },
    "target_full_asr_context_end_s": {
      "mean": 394.444972,
      "min": 27.262,
      "p50": 399.0175,
      "p90": 699.6963,
      "max": 743.915
    },
    "target_full_asr_context_start_s": {
      "mean": 348.31725,
      "min": 0.0,
      "p50": 350.699,
      "p90": 653.3697,
      "max": 719.887
    },
    "target_window_duration_s": {
      "mean": 6.86999,
      "min": 1.674791,
      "p50": 7.090521,
      "p90": 8.5989,
      "max": 10.841083
    },
    "translation_backlog_s": {
      "mean": 170.100458,
      "min": 2.738208,
      "p50": 165.982188,
      "p90": 293.30375,
      "max": 330.675333
    },
    "window_index": {
      "mean": 53.5,
      "min": 0.0,
      "p50": 53.5,
      "p90": 96.3,
      "max": 107.0
    }
  },
  "missed_sentences": 0,
  "partial_sentences": 2,
  "sentence_count": 32
}