{
  "runs": 2,
  "metrics": {
    "count": 2,
    "backlog_violation_rate": {
      "mean": 1.0,
      "min": 1.0,
      "p50": 1.0,
      "p90": 1.0,
      "max": 1.0
    },
    "bleu": {
      "mean": 21.303514,
      "min": 21.127252,
      "p50": 21.303514,
      "p90": 21.444524,
      "max": 21.479776
    },
    "candidate_units": {
      "mean": 2253.5,
      "min": 2252.0,
      "p50": 2253.5,
      "p90": 2254.7,
      "max": 2255.0
    },
    "cer": {
      "mean": 0.820966,
      "min": 0.805451,
      "p50": 0.820966,
      "p90": 0.833378,
      "max": 0.836481
    },
    "chrf": {
      "mean": 21.749985,
      "min": 21.645426,
      "p50": 21.749985,
      "p90": 21.833631,
      "max": 21.854543
    },
    "deficit_violation_rate": {
      "mean": 1.0,
      "min": 1.0,
      "p50": 1.0,
      "p90": 1.0,
      "max": 1.0
    },
    "duration_end_lag_s": {
      "mean": -267.131813,
      "min": -313.217583,
      "p50": -267.131813,
      "p90": -230.263196,
      "max": -221.046042
    },
    "end_lag_s": {
      "mean": -267.131813,
      "min": -313.217583,
      "p50": -267.131813,
      "p90": -230.263196,
      "max": -221.046042
    },
    "final_arrival_lag_s": {
      "mean": 11.971062,
      "min": 0.108258,
      "p50": 11.971062,
      "p90": 21.461305,
      "max": 23.833866
    },
    "final_target_arrival_s": {
      "mean": 905.838999,
      "min": 738.935491,
      "p50": 905.838999,
      "p90": 1039.361806,
      "max": 1072.742508
    },
    "full_s2s_rtf": {
      "mean": 0.69944,
      "min": 0.690889,
      "p50": 0.69944,
      "p90": 0.706282,
      "max": 0.707992
    },
    "generated_duration_s": {
      "mean": 626.736125,
      "min": 494.055583,
      "p50": 626.736125,
      "p90": 732.880559,
      "max": 759.416667
    },
    "max_backlog_s": {
      "mean": 278.224938,
      "min": 241.919542,
      "p50": 278.224938,
      "p90": 307.269254,
      "max": 314.530333
    },
    "max_deficit_s": {
      "mean": 278.224938,
      "min": 241.919542,
      "p50": 278.224938,
      "p90": 307.269254,
      "max": 314.530333
    },
    "max_playback_queue_s": {
      "mean": 0.0,
      "min": 0.0,
      "p50": 0.0,
      "p90": 0.0,
      "max": 0.0
    },
    "mean_backlog_s": {
      "mean": 147.062271,
      "min": 129.008209,
      "p50": 147.062271,
      "p90": 161.50552,
      "max": 165.116332
    },
    "mean_deficit_s": {
      "mean": 147.062271,
      "min": 129.008209,
      "p50": 147.062271,
      "p90": 161.50552,
      "max": 165.116332
    },
    "mean_playback_queue_s": {
      "mean": 0.0,
      "min": 0.0,
      "p50": 0.0,
      "p90": 0.0,
      "max": 0.0
    },
    "missed_sentence_rate": {
      "mean": 0.0,
      "min": 0.0,
      "p50": 0.0,
      "p90": 0.0,
      "max": 0.0
    },
    "partial_sentence_rate": {
      "mean": 0.015625,
      "min": 0.0,
      "p50": 0.015625,
      "p90": 0.028125,
      "max": 0.03125
    },
    "reference_units": {
      "mean": 3045.0,
      "min": 3045.0,
      "p50": 3045.0,
      "p90": 3045.0,
      "max": 3045.0
    },
    "sentence_count": {
      "mean": 32.0,
      "min": 32.0,
      "p50": 32.0,
      "p90": 32.0,
      "max": 32.0
    },
    "source_eval_duration_s": {
      "mean": 1072.63425,
      "min": 1072.63425,
      "p50": 1072.63425,
      "p90": 1072.63425,
      "max": 1072.63425
    },
    "source_stream_duration_s": {
      "mean": 893.867938,
      "min": 715.101625,
      "p50": 893.867938,
      "p90": 1036.880988,
      "max": 1072.63425
    },
    "speed_factor": {
      "mean": 1.25,
      "min": 1.0,
      "p50": 1.25,
      "p90": 1.45,
      "max": 1.5
    },
    "wall_clock_end_delay_s": {
      "mean": 13.075198,
      "min": 1.747245,
      "p50": 13.075198,
      "p90": 22.137561,
      "max": 24.403152
    },
    "wall_clock_playback_end_s": {
      "mean": 906.943136,
      "min": 739.504777,
      "p50": 906.943136,
      "p90": 1040.893823,
      "max": 1074.381495
    },
    "wer": {
      "mean": 0.805465,
      "min": 0.788486,
      "p50": 0.805465,
      "p90": 0.819049,
      "max": 0.822445
    }
  },
  "timeline": {
    "count": 216,
    "playback_queue_s": {
      "mean": 0.0,
      "min": 0.0,
      "p50": 0.0,
      "p90": 0.0,
      "max": 0.0
    },
    "source_window_end_s": {
      "mean": 544.931796,
      "min": 10.0,
      "p50": 545.0,
      "p90": 975.0,
      "max": 1072.634
    },
    "source_window_start_s": {
      "mean": 535.0,
      "min": 0.0,
      "p50": 535.0,
      "p90": 965.0,
      "max": 1070.0
    },
    "speed_adjusted_input_end_s": {
      "mean": 454.109833,
      "min": 6.667,
      "p50": 436.6665,
      "p90": 865.0,
      "max": 1072.634
    },
    "speed_adjusted_input_start_s": {
      "mean": 445.833333,
      "min": 0.0,
      "p50": 428.3335,
      "p90": 855.0,
      "max": 1070.0
    },
    "target_audio_deficit_s": {
      "mean": 147.062271,
      "min": 2.238625,
      "p50": 145.852,
      "p90": 252.466687,
      "max": 314.530333
    },
    "target_audio_emitted_at_window_start_s": {
      "mean": 301.345101,
      "min": 0.0,
      "p50": 283.084,
      "p90": 604.324687,
      "max": 755.469667
    },
    "target_audio_emitted_until_boundary_s": {
      "mean": 307.047562,
      "min": 2.627167,
      "p50": 289.649563,
      "p90": 612.533312,
      "max": 758.561542
    },
    "target_full_asr_context_end_s": {
      "mean": 326.829222,
      "min": 22.627,
      "p50": 309.65,
      "p90": 632.5335,
      "max": 759.417
    },
    "target_full_asr_context_start_s": {
      "mean": 281.841991,
      "min": 0.0,
      "p50": 263.084,
      "p90": 584.3245,
      "max": 735.47
    },
    "target_window_duration_s": {
      "mean": 5.702461,
      "min": 1.450666,
      "p50": 5.258625,
      "p90": 8.692625,
      "max": 12.488333
    },
    "translation_backlog_s": {
      "mean": 147.062271,
      "min": 2.238625,
      "p50": 145.852,
      "p90": 252.466687,
      "max": 314.530333
    },
    "window_index": {
      "mean": 53.5,
      "min": 0.0,
      "p50": 53.5,
      "p90": 96.5,
      "max": 107.0
    }
  },
  "missed_sentences": 0,
  "partial_sentences": 1,
  "sentence_count": 64
}