{
  "runs": 2,
  "metrics": {
    "count": 2,
    "backlog_violation_rate": {
      "mean": 1.0,
      "min": 1.0,
      "p50": 1.0,
      "p90": 1.0,
      "max": 1.0
    },
    "bleu": {
      "mean": 17.205765,
      "min": 14.027023,
      "p50": 17.205765,
      "p90": 19.748759,
      "max": 20.384508
    },
    "candidate_units": {
      "mean": 2140.5,
      "min": 2049.0,
      "p50": 2140.5,
      "p90": 2213.7,
      "max": 2232.0
    },
    "cer": {
      "mean": 0.865084,
      "min": 0.863195,
      "p50": 0.865084,
      "p90": 0.866594,
      "max": 0.866972
    },
    "chrf": {
      "mean": 19.822068,
      "min": 18.203275,
      "p50": 19.822068,
      "p90": 21.117102,
      "max": 21.44086
    },
    "deficit_violation_rate": {
      "mean": 1.0,
      "min": 1.0,
      "p50": 1.0,
      "p90": 1.0,
      "max": 1.0
    },
    "duration_end_lag_s": {
      "mean": 113.382062,
      "min": 94.398375,
      "p50": 113.382062,
      "p90": 128.569012,
      "max": 132.36575
    },
    "end_lag_s": {
      "mean": 113.382062,
      "min": 94.398375,
      "p50": 113.382062,
      "p90": 128.569012,
      "max": 132.36575
    },
    "final_arrival_lag_s": {
      "mean": 134.482008,
      "min": 109.263725,
      "p50": 134.482008,
      "p90": 154.656634,
      "max": 159.700291
    },
    "final_target_arrival_s": {
      "mean": 1028.349946,
      "min": 824.36535,
      "p50": 1028.349946,
      "p90": 1191.537622,
      "max": 1232.334541
    },
    "full_s2s_rtf": {
      "mean": 1.127705,
      "min": 1.123403,
      "p50": 1.127705,
      "p90": 1.131147,
      "max": 1.132007
    },
    "generated_duration_s": {
      "mean": 1007.25,
      "min": 809.5,
      "p50": 1007.25,
      "p90": 1165.45,
      "max": 1205.0
    },
    "max_backlog_s": {
      "mean": 15.66975,
      "min": 15.0895,
      "p50": 15.66975,
      "p90": 16.13395,
      "max": 16.25
    },
    "max_deficit_s": {
      "mean": 15.66975,
      "min": 15.0895,
      "p50": 15.66975,
      "p90": 16.13395,
      "max": 16.25
    },
    "max_playback_queue_s": {
      "mean": 0.0,
      "min": 0.0,
      "p50": 0.0,
      "p90": 0.0,
      "max": 0.0
    },
    "mean_backlog_s": {
      "mean": 8.171175,
      "min": 6.165181,
      "p50": 8.171175,
      "p90": 9.77597,
      "max": 10.177169
    },
    "mean_deficit_s": {
      "mean": 8.171175,
      "min": 6.165181,
      "p50": 8.171175,
      "p90": 9.77597,
      "max": 10.177169
    },
    "mean_playback_queue_s": {
      "mean": 0.0,
      "min": 0.0,
      "p50": 0.0,
      "p90": 0.0,
      "max": 0.0
    },
    "missed_sentence_rate": {
      "mean": 0.0,
      "min": 0.0,
      "p50": 0.0,
      "p90": 0.0,
      "max": 0.0
    },
    "partial_sentence_rate": {
      "mean": 0.03125,
      "min": 0.0,
      "p50": 0.03125,
      "p90": 0.05625,
      "max": 0.0625
    },
    "reference_units": {
      "mean": 3045.0,
      "min": 3045.0,
      "p50": 3045.0,
      "p90": 3045.0,
      "max": 3045.0
    },
    "sentence_count": {
      "mean": 32.0,
      "min": 32.0,
      "p50": 32.0,
      "p90": 32.0,
      "max": 32.0
    },
    "source_eval_duration_s": {
      "mean": 1072.63425,
      "min": 1072.63425,
      "p50": 1072.63425,
      "p90": 1072.63425,
      "max": 1072.63425
    },
    "source_stream_duration_s": {
      "mean": 893.867938,
      "min": 715.101625,
      "p50": 893.867938,
      "p90": 1036.880988,
      "max": 1072.63425
    },
    "speed_factor": {
      "mean": 1.25,
      "min": 1.0,
      "p50": 1.25,
      "p90": 1.45,
      "max": 1.5
    },
    "wall_clock_end_delay_s": {
      "mean": 135.065775,
      "min": 109.811082,
      "p50": 135.065775,
      "p90": 155.269529,
      "max": 160.320467
    },
    "wall_clock_playback_end_s": {
      "mean": 1028.933712,
      "min": 824.912707,
      "p50": 1028.933712,
      "p90": 1192.150516,
      "max": 1232.954717
    },
    "wer": {
      "mean": 0.860931,
      "min": 0.846054,
      "p50": 0.860931,
      "p90": 0.872833,
      "max": 0.875809
    }
  },
  "timeline": {
    "count": 216,
    "playback_queue_s": {
      "mean": 0.0,
      "min": 0.0,
      "p50": 0.0,
      "p90": 0.0,
      "max": 0.0
    },
    "source_window_end_s": {
      "mean": 544.931796,
      "min": 10.0,
      "p50": 545.0,
      "p90": 975.0,
      "max": 1072.634
    },
    "source_window_start_s": {
      "mean": 535.0,
      "min": 0.0,
      "p50": 535.0,
      "p90": 965.0,
      "max": 1070.0
    },
    "speed_adjusted_input_end_s": {
      "mean": 454.109833,
      "min": 6.667,
      "p50": 436.6665,
      "p90": 865.0,
      "max": 1072.634
    },
    "speed_adjusted_input_start_s": {
      "mean": 445.833333,
      "min": 0.0,
      "p50": 428.3335,
      "p90": 855.0,
      "max": 1070.0
    },
    "target_audio_deficit_s": {
      "mean": 8.171175,
      "min": 3.166667,
      "p50": 4.25,
      "p90": 16.0,
      "max": 16.25
    },
    "target_audio_emitted_at_window_start_s": {
      "mean": 437.806713,
      "min": 0.0,
      "p50": 424.625,
      "p90": 839.0,
      "max": 1053.75
    },
    "target_audio_emitted_until_boundary_s": {
      "mean": 445.938657,
      "min": 3.5,
      "p50": 432.875,
      "p90": 849.0,
      "max": 1056.5
    },
    "target_full_asr_context_end_s": {
      "mean": 465.938657,
      "min": 23.5,
      "p50": 452.875,
      "p90": 869.0,
      "max": 1076.5
    },
    "target_full_asr_context_start_s": {
      "mean": 418.216435,
      "min": 0.0,
      "p50": 404.625,
      "p90": 819.0,
      "max": 1033.75
    },
    "target_window_duration_s": {
      "mean": 8.131944,
      "min": 0.5,
      "p50": 6.75,
      "p90": 10.0,
      "max": 13.5
    },
    "translation_backlog_s": {
      "mean": 8.171175,
      "min": 3.166667,
      "p50": 4.25,
      "p90": 16.0,
      "max": 16.25
    },
    "window_index": {
      "mean": 53.5,
      "min": 0.0,
      "p50": 53.5,
      "p90": 96.5,
      "max": 107.0
    }
  },
  "missed_sentences": 0,
  "partial_sentences": 2,
  "sentence_count": 64
}