{
  "runs": 2,
  "metrics": {
    "count": 2,
    "backlog_violation_rate": {
      "mean": 1.0,
      "min": 1.0,
      "p50": 1.0,
      "p90": 1.0,
      "max": 1.0
    },
    "bleu": {
      "mean": 21.920452,
      "min": 19.737342,
      "p50": 21.920452,
      "p90": 23.66694,
      "max": 24.103562
    },
    "candidate_units": {
      "mean": 3108.0,
      "min": 2469.0,
      "p50": 3108.0,
      "p90": 3619.2,
      "max": 3747.0
    },
    "cer": {
      "mean": 0.841068,
      "min": 0.807339,
      "p50": 0.841068,
      "p90": 0.868052,
      "max": 0.874798
    },
    "chrf": {
      "mean": 23.342576,
      "min": 20.720571,
      "p50": 23.342576,
      "p90": 25.44018,
      "max": 25.964581
    },
    "deficit_violation_rate": {
      "mean": 1.0,
      "min": 1.0,
      "p50": 1.0,
      "p90": 1.0,
      "max": 1.0
    },
    "duration_end_lag_s": {
      "mean": 23.632062,
      "min": 19.56575,
      "p50": 23.632062,
      "p90": 26.885113,
      "max": 27.698375
    },
    "end_lag_s": {
      "mean": 23.632062,
      "min": 19.56575,
      "p50": 23.632062,
      "p90": 26.885113,
      "max": 27.698375
    },
    "final_arrival_lag_s": {
      "mean": 54.022617,
      "min": 40.695767,
      "p50": 54.022617,
      "p90": 64.684097,
      "max": 67.349467
    },
    "final_target_arrival_s": {
      "mean": 947.890555,
      "min": 782.451092,
      "p50": 947.890555,
      "p90": 1080.242125,
      "max": 1113.330017
    },
    "full_s2s_rtf": {
      "mean": 1.028487,
      "min": 1.018241,
      "p50": 1.028487,
      "p90": 1.036684,
      "max": 1.038733
    },
    "generated_duration_s": {
      "mean": 917.5,
      "min": 742.8,
      "p50": 917.5,
      "p90": 1057.26,
      "max": 1092.2
    },
    "max_backlog_s": {
      "mean": 52.866667,
      "min": 40.2,
      "p50": 52.866667,
      "p90": 63.0,
      "max": 65.533333
    },
    "max_deficit_s": {
      "mean": 52.866667,
      "min": 40.2,
      "p50": 52.866667,
      "p90": 63.0,
      "max": 65.533333
    },
    "max_playback_queue_s": {
      "mean": 0.0,
      "min": 0.0,
      "p50": 0.0,
      "p90": 0.0,
      "max": 0.0
    },
    "mean_backlog_s": {
      "mean": 20.029277,
      "min": 12.105873,
      "p50": 20.029277,
      "p90": 26.368,
      "max": 27.952681
    },
    "mean_deficit_s": {
      "mean": 20.029277,
      "min": 12.105873,
      "p50": 20.029277,
      "p90": 26.368,
      "max": 27.952681
    },
    "mean_playback_queue_s": {
      "mean": 0.0,
      "min": 0.0,
      "p50": 0.0,
      "p90": 0.0,
      "max": 0.0
    },
    "missed_sentence_rate": {
      "mean": 0.0,
      "min": 0.0,
      "p50": 0.0,
      "p90": 0.0,
      "max": 0.0
    },
    "partial_sentence_rate": {
      "mean": 0.0,
      "min": 0.0,
      "p50": 0.0,
      "p90": 0.0,
      "max": 0.0
    },
    "reference_units": {
      "mean": 3045.0,
      "min": 3045.0,
      "p50": 3045.0,
      "p90": 3045.0,
      "max": 3045.0
    },
    "sentence_count": {
      "mean": 32.0,
      "min": 32.0,
      "p50": 32.0,
      "p90": 32.0,
      "max": 32.0
    },
    "source_eval_duration_s": {
      "mean": 1072.63425,
      "min": 1072.63425,
      "p50": 1072.63425,
      "p90": 1072.63425,
      "max": 1072.63425
    },
    "source_stream_duration_s": {
      "mean": 893.867938,
      "min": 715.101625,
      "p50": 893.867938,
      "p90": 1036.880988,
      "max": 1072.63425
    },
    "speed_factor": {
      "mean": 1.25,
      "min": 1.0,
      "p50": 1.25,
      "p90": 1.45,
      "max": 1.5
    },
    "wall_clock_end_delay_s": {
      "mean": 79.074873,
      "min": 63.515599,
      "p50": 79.074873,
      "p90": 91.522293,
      "max": 94.634148
    },
    "wall_clock_playback_end_s": {
      "mean": 972.942811,
      "min": 809.735773,
      "p50": 972.942811,
      "p90": 1103.508441,
      "max": 1136.149849
    },
    "wer": {
      "mean": 0.838292,
      "min": 0.826649,
      "p50": 0.838292,
      "p90": 0.847606,
      "max": 0.849935
    }
  },
  "timeline": {
    "count": 216,
    "playback_queue_s": {
      "mean": 0.0,
      "min": 0.0,
      "p50": 0.0,
      "p90": 0.0,
      "max": 0.0
    },
    "source_window_end_s": {
      "mean": 544.931796,
      "min": 10.0,
      "p50": 545.0,
      "p90": 975.0,
      "max": 1072.634
    },
    "source_window_start_s": {
      "mean": 535.0,
      "min": 0.0,
      "p50": 535.0,
      "p90": 965.0,
      "max": 1070.0
    },
    "speed_adjusted_input_end_s": {
      "mean": 454.109833,
      "min": 6.667,
      "p50": 436.6665,
      "p90": 865.0,
      "max": 1072.634
    },
    "speed_adjusted_input_start_s": {
      "mean": 445.833333,
      "min": 0.0,
      "p50": 428.3335,
      "p90": 855.0,
      "max": 1070.0
    },
    "target_audio_deficit_s": {
      "mean": 20.029277,
      "min": 0.8,
      "p50": 16.0,
      "p90": 55.4,
      "max": 65.533333
    },
    "target_audio_emitted_at_window_start_s": {
      "mean": 426.277778,
      "min": 0.0,
      "p50": 411.7,
      "p90": 839.6,
      "max": 1031.8
    },
    "target_audio_emitted_until_boundary_s": {
      "mean": 434.080556,
      "min": 3.2,
      "p50": 419.7,
      "p90": 849.2,
      "max": 1034.6
    },
    "target_full_asr_context_end_s": {
      "mean": 454.080556,
      "min": 23.2,
      "p50": 439.7,
      "p90": 869.2,
      "max": 1054.6
    },
    "target_full_asr_context_start_s": {
      "mean": 406.648148,
      "min": 0.0,
      "p50": 391.7,
      "p90": 819.6,
      "max": 1011.8
    },
    "target_mfa_end_s": {
      "mean": 526.772115,
      "min": 9.2,
      "p50": 524.9,
      "p90": 946.561,
      "max": 1034.6
    },
    "target_mfa_start_s": {
      "mean": 518.183462,
      "min": 0.64,
      "p50": 515.915,
      "p90": 936.28,
      "max": 1032.82
    },
    "target_mfa_unit_count": {
      "mean": 35.971154,
      "min": 8.0,
      "p50": 37.0,
      "p90": 48.0,
      "max": 56.0
    },
    "target_window_duration_s": {
      "mean": 7.802778,
      "min": 0.0,
      "p50": 8.0,
      "p90": 10.4,
      "max": 12.8
    },
    "translation_backlog_s": {
      "mean": 20.029277,
      "min": 0.8,
      "p50": 16.0,
      "p90": 55.4,
      "max": 65.533333
    },
    "window_index": {
      "mean": 53.5,
      "min": 0.0,
      "p50": 53.5,
      "p90": 96.5,
      "max": 107.0
    }
  },
  "missed_sentences": 0,
  "partial_sentences": 0,
  "sentence_count": 64
}