{
  "runs": 2,
  "metrics": {
    "count": 2,
    "backlog_violation_rate": {
      "mean": 1.0,
      "min": 1.0,
      "p50": 1.0,
      "p90": 1.0,
      "max": 1.0
    },
    "bleu": {
      "mean": 18.859184,
      "min": 17.296923,
      "p50": 18.859184,
      "p90": 20.108994,
      "max": 20.421446
    },
    "candidate_units": {
      "mean": 2177.5,
      "min": 2127.0,
      "p50": 2177.5,
      "p90": 2217.9,
      "max": 2228.0
    },
    "cer": {
      "mean": 0.889369,
      "min": 0.865084,
      "p50": 0.889369,
      "p90": 0.908797,
      "max": 0.913654
    },
    "chrf": {
      "mean": 20.123902,
      "min": 18.900064,
      "p50": 20.123902,
      "p90": 21.102972,
      "max": 21.34774
    },
    "deficit_violation_rate": {
      "mean": 1.0,
      "min": 1.0,
      "p50": 1.0,
      "p90": 1.0,
      "max": 1.0
    },
    "duration_end_lag_s": {
      "mean": 5.382062,
      "min": 5.148375,
      "p50": 5.382062,
      "p90": 5.569013,
      "max": 5.61575
    },
    "end_lag_s": {
      "mean": 5.382062,
      "min": 5.148375,
      "p50": 5.382062,
      "p90": 5.569013,
      "max": 5.61575
    },
    "final_arrival_lag_s": {
      "mean": 130.061588,
      "min": 74.728255,
      "p50": 130.061588,
      "p90": 174.328254,
      "max": 185.39492
    },
    "final_target_arrival_s": {
      "mean": 1023.929525,
      "min": 789.82988,
      "p50": 1023.929525,
      "p90": 1211.209241,
      "max": 1258.02917
    },
    "full_s2s_rtf": {
      "mean": 1.006217,
      "min": 1.005235,
      "p50": 1.006217,
      "p90": 1.007004,
      "max": 1.0072
    },
    "generated_duration_s": {
      "mean": 899.25,
      "min": 720.25,
      "p50": 899.25,
      "p90": 1042.45,
      "max": 1078.25
    },
    "max_backlog_s": {
      "mean": 91.91975,
      "min": 69.8395,
      "p50": 91.91975,
      "p90": 109.58395,
      "max": 114.0
    },
    "max_deficit_s": {
      "mean": 91.91975,
      "min": 69.8395,
      "p50": 91.91975,
      "p90": 109.58395,
      "max": 114.0
    },
    "max_playback_queue_s": {
      "mean": 0.0,
      "min": 0.0,
      "p50": 0.0,
      "p90": 0.0,
      "max": 0.0
    },
    "mean_backlog_s": {
      "mean": 40.791545,
      "min": 22.028606,
      "p50": 40.791545,
      "p90": 55.801896,
      "max": 59.554484
    },
    "mean_deficit_s": {
      "mean": 40.791545,
      "min": 22.028606,
      "p50": 40.791545,
      "p90": 55.801896,
      "max": 59.554484
    },
    "mean_playback_queue_s": {
      "mean": 0.0,
      "min": 0.0,
      "p50": 0.0,
      "p90": 0.0,
      "max": 0.0
    },
    "missed_sentence_rate": {
      "mean": 0.0,
      "min": 0.0,
      "p50": 0.0,
      "p90": 0.0,
      "max": 0.0
    },
    "partial_sentence_rate": {
      "mean": 0.046875,
      "min": 0.03125,
      "p50": 0.046875,
      "p90": 0.059375,
      "max": 0.0625
    },
    "reference_units": {
      "mean": 3045.0,
      "min": 3045.0,
      "p50": 3045.0,
      "p90": 3045.0,
      "max": 3045.0
    },
    "sentence_count": {
      "mean": 32.0,
      "min": 32.0,
      "p50": 32.0,
      "p90": 32.0,
      "max": 32.0
    },
    "source_eval_duration_s": {
      "mean": 1072.63425,
      "min": 1072.63425,
      "p50": 1072.63425,
      "p90": 1072.63425,
      "max": 1072.63425
    },
    "source_stream_duration_s": {
      "mean": 893.867938,
      "min": 715.101625,
      "p50": 893.867938,
      "p90": 1036.880988,
      "max": 1072.63425
    },
    "speed_factor": {
      "mean": 1.25,
      "min": 1.0,
      "p50": 1.25,
      "p90": 1.45,
      "max": 1.5
    },
    "wall_clock_end_delay_s": {
      "mean": 130.634177,
      "min": 75.301076,
      "p50": 130.634177,
      "p90": 174.900659,
      "max": 185.967279
    },
    "wall_clock_playback_end_s": {
      "mean": 1024.502115,
      "min": 790.402701,
      "p50": 1024.502115,
      "p90": 1211.781646,
      "max": 1258.601529
    },
    "wer": {
      "mean": 0.875323,
      "min": 0.844761,
      "p50": 0.875323,
      "p90": 0.899773,
      "max": 0.905886
    }
  },
  "timeline": {
    "count": 216,
    "playback_queue_s": {
      "mean": 0.0,
      "min": 0.0,
      "p50": 0.0,
      "p90": 0.0,
      "max": 0.0
    },
    "source_window_end_s": {
      "mean": 544.931796,
      "min": 10.0,
      "p50": 545.0,
      "p90": 975.0,
      "max": 1072.634
    },
    "source_window_start_s": {
      "mean": 535.0,
      "min": 0.0,
      "p50": 535.0,
      "p90": 965.0,
      "max": 1070.0
    },
    "speed_adjusted_input_end_s": {
      "mean": 454.109833,
      "min": 6.667,
      "p50": 436.6665,
      "p90": 865.0,
      "max": 1072.634
    },
    "speed_adjusted_input_start_s": {
      "mean": 445.833333,
      "min": 0.0,
      "p50": 428.3335,
      "p90": 855.0,
      "max": 1070.0
    },
    "target_audio_deficit_s": {
      "mean": 40.791545,
      "min": 3.166667,
      "p50": 5.25,
      "p90": 114.0,
      "max": 114.0
    },
    "target_audio_emitted_at_window_start_s": {
      "mean": 405.892361,
      "min": 0.0,
      "p50": 424.0,
      "p90": 741.0,
      "max": 956.0
    },
    "target_audio_emitted_until_boundary_s": {
      "mean": 413.318287,
      "min": 3.5,
      "p50": 432.375,
      "p90": 751.0,
      "max": 958.75
    },
    "target_full_asr_context_end_s": {
      "mean": 433.318287,
      "min": 23.5,
      "p50": 452.375,
      "p90": 771.0,
      "max": 978.75
    },
    "target_full_asr_context_start_s": {
      "mean": 386.292824,
      "min": 0.0,
      "p50": 404.0,
      "p90": 721.0,
      "max": 936.0
    },
    "target_window_duration_s": {
      "mean": 7.425926,
      "min": 0.0,
      "p50": 6.75,
      "p90": 10.0,
      "max": 10.25
    },
    "translation_backlog_s": {
      "mean": 40.791545,
      "min": 3.166667,
      "p50": 5.25,
      "p90": 114.0,
      "max": 114.0
    },
    "window_index": {
      "mean": 53.5,
      "min": 0.0,
      "p50": 53.5,
      "p90": 96.5,
      "max": 107.0
    }
  },
  "missed_sentences": 0,
  "partial_sentences": 3,
  "sentence_count": 64
}