{
  "runs": 2,
  "metrics": {
    "count": 2,
    "backlog_violation_rate": {
      "mean": 1.0,
      "min": 1.0,
      "p50": 1.0,
      "p90": 1.0,
      "max": 1.0
    },
    "bleu": {
      "mean": 21.05586,
      "min": 20.810905,
      "p50": 21.05586,
      "p90": 21.251824,
      "max": 21.300815
    },
    "candidate_units": {
      "mean": 2422.5,
      "min": 2275.0,
      "p50": 2422.5,
      "p90": 2540.5,
      "max": 2570.0
    },
    "cer": {
      "mean": 0.815435,
      "min": 0.812466,
      "p50": 0.815435,
      "p90": 0.817809,
      "max": 0.818403
    },
    "chrf": {
      "mean": 21.496507,
      "min": 21.460641,
      "p50": 21.496507,
      "p90": 21.5252,
      "max": 21.532373
    },
    "deficit_violation_rate": {
      "mean": 1.0,
      "min": 1.0,
      "p50": 1.0,
      "p90": 1.0,
      "max": 1.0
    },
    "duration_end_lag_s": {
      "mean": -244.756208,
      "min": -287.353833,
      "p50": -244.756208,
      "p90": -210.678108,
      "max": -202.158583
    },
    "end_lag_s": {
      "mean": -244.756208,
      "min": -287.353833,
      "p50": -244.756208,
      "p90": -210.678108,
      "max": -202.158583
    },
    "final_arrival_lag_s": {
      "mean": 0.356005,
      "min": 0.187136,
      "p50": 0.356005,
      "p90": 0.491101,
      "max": 0.524875
    },
    "final_target_arrival_s": {
      "mean": 894.223943,
      "min": 715.6265,
      "p50": 894.223943,
      "p90": 1037.101897,
      "max": 1072.821386
    },
    "full_s2s_rtf": {
      "mean": 0.724703,
      "min": 0.717301,
      "p50": 0.724703,
      "p90": 0.730625,
      "max": 0.732105
    },
    "generated_duration_s": {
      "mean": 649.11173,
      "min": 512.943042,
      "p50": 649.11173,
      "p90": 758.046679,
      "max": 785.280417
    },
    "max_backlog_s": {
      "mean": 245.869146,
      "min": 203.365167,
      "p50": 245.869146,
      "p90": 279.872329,
      "max": 288.373125
    },
    "max_deficit_s": {
      "mean": 245.869146,
      "min": 203.365167,
      "p50": 245.869146,
      "p90": 279.872329,
      "max": 288.373125
    },
    "max_playback_queue_s": {
      "mean": 0.0,
      "min": 0.0,
      "p50": 0.0,
      "p90": 0.0,
      "max": 0.0
    },
    "mean_backlog_s": {
      "mean": 130.378577,
      "min": 110.896201,
      "p50": 130.378577,
      "p90": 145.964477,
      "max": 149.860952
    },
    "mean_deficit_s": {
      "mean": 130.378577,
      "min": 110.896201,
      "p50": 130.378577,
      "p90": 145.964477,
      "max": 149.860952
    },
    "mean_playback_queue_s": {
      "mean": 0.0,
      "min": 0.0,
      "p50": 0.0,
      "p90": 0.0,
      "max": 0.0
    },
    "missed_sentence_rate": {
      "mean": 0.0,
      "min": 0.0,
      "p50": 0.0,
      "p90": 0.0,
      "max": 0.0
    },
    "partial_sentence_rate": {
      "mean": 0.015625,
      "min": 0.0,
      "p50": 0.015625,
      "p90": 0.028125,
      "max": 0.03125
    },
    "reference_units": {
      "mean": 3045.0,
      "min": 3045.0,
      "p50": 3045.0,
      "p90": 3045.0,
      "max": 3045.0
    },
    "sentence_count": {
      "mean": 32.0,
      "min": 32.0,
      "p50": 32.0,
      "p90": 32.0,
      "max": 32.0
    },
    "source_eval_duration_s": {
      "mean": 1072.63425,
      "min": 1072.63425,
      "p50": 1072.63425,
      "p90": 1072.63425,
      "max": 1072.63425
    },
    "source_stream_duration_s": {
      "mean": 893.867938,
      "min": 715.101625,
      "p50": 893.867938,
      "p90": 1036.880988,
      "max": 1072.63425
    },
    "speed_factor": {
      "mean": 1.25,
      "min": 1.0,
      "p50": 1.25,
      "p90": 1.45,
      "max": 1.5
    },
    "wall_clock_end_delay_s": {
      "mean": 1.854838,
      "min": 1.578462,
      "p50": 1.854838,
      "p90": 2.075939,
      "max": 2.131214
    },
    "wall_clock_playback_end_s": {
      "mean": 895.722776,
      "min": 717.232839,
      "p50": 895.722776,
      "p90": 1038.514725,
      "max": 1074.212712
    },
    "wer": {
      "mean": 0.8163,
      "min": 0.806921,
      "p50": 0.8163,
      "p90": 0.823803,
      "max": 0.825679
    }
  },
  "timeline": {
    "count": 216,
    "playback_queue_s": {
      "mean": 0.0,
      "min": 0.0,
      "p50": 0.0,
      "p90": 0.0,
      "max": 0.0
    },
    "source_window_end_s": {
      "mean": 544.931796,
      "min": 10.0,
      "p50": 545.0,
      "p90": 975.0,
      "max": 1072.634
    },
    "source_window_start_s": {
      "mean": 535.0,
      "min": 0.0,
      "p50": 535.0,
      "p90": 965.0,
      "max": 1070.0
    },
    "speed_adjusted_input_end_s": {
      "mean": 454.109833,
      "min": 6.667,
      "p50": 436.6665,
      "p90": 865.0,
      "max": 1072.634
    },
    "speed_adjusted_input_start_s": {
      "mean": 445.833333,
      "min": 0.0,
      "p50": 428.3335,
      "p90": 855.0,
      "max": 1070.0
    },
    "target_audio_deficit_s": {
      "mean": 130.378577,
      "min": 1.189625,
      "p50": 127.829,
      "p90": 239.011875,
      "max": 288.373125
    },
    "target_audio_emitted_at_window_start_s": {
      "mean": 317.731152,
      "min": 0.0,
      "p50": 303.667541,
      "p90": 616.857771,
      "max": 781.626875
    },
    "target_audio_emitted_until_boundary_s": {
      "mean": 323.731256,
      "min": 5.477042,
      "p50": 308.978146,
      "p90": 625.988125,
      "max": 784.298042
    },
    "target_full_asr_context_end_s": {
      "mean": 343.254972,
      "min": 25.477,
      "p50": 328.978,
      "p90": 645.9885,
      "max": 785.28
    },
    "target_full_asr_context_start_s": {
      "mean": 298.148421,
      "min": 0.0,
      "p50": 283.6675,
      "p90": 596.858,
      "max": 761.627
    },
    "target_window_duration_s": {
      "mean": 6.000104,
      "min": 0.525333,
      "p50": 5.691458,
      "p90": 9.076771,
      "max": 14.771083
    },
    "translation_backlog_s": {
      "mean": 130.378577,
      "min": 1.189625,
      "p50": 127.829,
      "p90": 239.011875,
      "max": 288.373125
    },
    "window_index": {
      "mean": 53.5,
      "min": 0.0,
      "p50": 53.5,
      "p90": 96.5,
      "max": 107.0
    }
  },
  "missed_sentences": 0,
  "partial_sentences": 1,
  "sentence_count": 64
}