{
  "runs": 2,
  "metrics": {
    "count": 2,
    "backlog_violation_rate": {
      "mean": 0.986111,
      "min": 0.981481,
      "p50": 0.986111,
      "p90": 0.989815,
      "max": 0.990741
    },
    "bleu": {
      "mean": 18.257908,
      "min": 16.957397,
      "p50": 18.257908,
      "p90": 19.298316,
      "max": 19.558418
    },
    "candidate_units": {
      "mean": 2295.5,
      "min": 2100.0,
      "p50": 2295.5,
      "p90": 2451.9,
      "max": 2491.0
    },
    "cer": {
      "mean": 0.867648,
      "min": 0.844307,
      "p50": 0.867648,
      "p90": 0.88632,
      "max": 0.890988
    },
    "chrf": {
      "mean": 19.447786,
      "min": 18.314338,
      "p50": 19.447786,
      "p90": 20.354544,
      "max": 20.581234
    },
    "deficit_violation_rate": {
      "mean": 0.986111,
      "min": 0.981481,
      "p50": 0.986111,
      "p90": 0.989815,
      "max": 0.990741
    },
    "duration_end_lag_s": {
      "mean": 21.982062,
      "min": 21.26575,
      "p50": 21.982062,
      "p90": 22.555112,
      "max": 22.698375
    },
    "end_lag_s": {
      "mean": 21.982062,
      "min": 21.26575,
      "p50": 21.982062,
      "p90": 22.555112,
      "max": 22.698375
    },
    "final_arrival_lag_s": {
      "mean": 18.653104,
      "min": 16.194734,
      "p50": 18.653104,
      "p90": 20.6198,
      "max": 21.111474
    },
    "final_target_arrival_s": {
      "mean": 912.521042,
      "min": 731.296359,
      "p50": 912.521042,
      "p90": 1057.500788,
      "max": 1093.745724
    },
    "full_s2s_rtf": {
      "mean": 1.025783,
      "min": 1.019826,
      "p50": 1.025783,
      "p90": 1.03055,
      "max": 1.031741
    },
    "generated_duration_s": {
      "mean": 915.85,
      "min": 737.8,
      "p50": 915.85,
      "p90": 1058.29,
      "max": 1093.9
    },
    "max_backlog_s": {
      "mean": 19.811875,
      "min": 16.0895,
      "p50": 19.811875,
      "p90": 22.789775,
      "max": 23.53425
    },
    "max_deficit_s": {
      "mean": 19.811875,
      "min": 16.0895,
      "p50": 19.811875,
      "p90": 22.789775,
      "max": 23.53425
    },
    "max_playback_queue_s": {
      "mean": 0.0,
      "min": 0.0,
      "p50": 0.0,
      "p90": 0.0,
      "max": 0.0
    },
    "mean_backlog_s": {
      "mean": 8.402888,
      "min": 6.689718,
      "p50": 8.402888,
      "p90": 9.773424,
      "max": 10.116058
    },
    "mean_deficit_s": {
      "mean": 8.402888,
      "min": 6.689718,
      "p50": 8.402888,
      "p90": 9.773424,
      "max": 10.116058
    },
    "mean_playback_queue_s": {
      "mean": 0.0,
      "min": 0.0,
      "p50": 0.0,
      "p90": 0.0,
      "max": 0.0
    },
    "missed_sentence_rate": {
      "mean": 0.0,
      "min": 0.0,
      "p50": 0.0,
      "p90": 0.0,
      "max": 0.0
    },
    "partial_sentence_rate": {
      "mean": 0.03125,
      "min": 0.0,
      "p50": 0.03125,
      "p90": 0.05625,
      "max": 0.0625
    },
    "reference_units": {
      "mean": 3045.0,
      "min": 3045.0,
      "p50": 3045.0,
      "p90": 3045.0,
      "max": 3045.0
    },
    "sentence_count": {
      "mean": 32.0,
      "min": 32.0,
      "p50": 32.0,
      "p90": 32.0,
      "max": 32.0
    },
    "source_eval_duration_s": {
      "mean": 1072.63425,
      "min": 1072.63425,
      "p50": 1072.63425,
      "p90": 1072.63425,
      "max": 1072.63425
    },
    "source_stream_duration_s": {
      "mean": 893.867938,
      "min": 715.101625,
      "p50": 893.867938,
      "p90": 1036.880988,
      "max": 1072.63425
    },
    "speed_factor": {
      "mean": 1.25,
      "min": 1.0,
      "p50": 1.25,
      "p90": 1.45,
      "max": 1.5
    },
    "wall_clock_end_delay_s": {
      "mean": 43.119771,
      "min": 40.038767,
      "p50": 43.119771,
      "p90": 45.584573,
      "max": 46.200774
    },
    "wall_clock_playback_end_s": {
      "mean": 936.987708,
      "min": 755.140392,
      "p50": 936.987708,
      "p90": 1082.465561,
      "max": 1118.835024
    },
    "wer": {
      "mean": 0.865136,
      "min": 0.863519,
      "p50": 0.865136,
      "p90": 0.86643,
      "max": 0.866753
    }
  },
  "timeline": {
    "count": 216,
    "playback_queue_s": {
      "mean": 0.0,
      "min": 0.0,
      "p50": 0.0,
      "p90": 0.0,
      "max": 0.0
    },
    "source_window_end_s": {
      "mean": 544.931796,
      "min": 10.0,
      "p50": 545.0,
      "p90": 975.0,
      "max": 1072.634
    },
    "source_window_start_s": {
      "mean": 535.0,
      "min": 0.0,
      "p50": 535.0,
      "p90": 965.0,
      "max": 1070.0
    },
    "speed_adjusted_input_end_s": {
      "mean": 454.109833,
      "min": 6.667,
      "p50": 436.6665,
      "p90": 865.0,
      "max": 1072.634
    },
    "speed_adjusted_input_start_s": {
      "mean": 445.833333,
      "min": 0.0,
      "p50": 428.3335,
      "p90": 855.0,
      "max": 1070.0
    },
    "target_audio_deficit_s": {
      "mean": 8.402888,
      "min": 0.0,
      "p50": 7.8,
      "p90": 17.1,
      "max": 23.53425
    },
    "target_audio_emitted_at_window_start_s": {
      "mean": 437.613889,
      "min": 0.0,
      "p50": 420.2,
      "p90": 838.1,
      "max": 1047.1
    },
    "target_audio_emitted_until_boundary_s": {
      "mean": 445.706944,
      "min": 6.4,
      "p50": 428.8,
      "p90": 847.7,
      "max": 1049.1
    },
    "target_full_asr_context_end_s": {
      "mean": 465.706944,
      "min": 26.4,
      "p50": 448.8,
      "p90": 867.7,
      "max": 1069.1
    },
    "target_full_asr_context_start_s": {
      "mean": 417.958333,
      "min": 0.0,
      "p50": 400.2,
      "p90": 818.1,
      "max": 1027.1
    },
    "target_window_duration_s": {
      "mean": 8.093056,
      "min": 1.6,
      "p50": 8.0,
      "p90": 10.4,
      "max": 11.6
    },
    "translation_backlog_s": {
      "mean": 8.402888,
      "min": 0.0,
      "p50": 7.8,
      "p90": 17.1,
      "max": 23.53425
    },
    "window_index": {
      "mean": 53.5,
      "min": 0.0,
      "p50": 53.5,
      "p90": 96.5,
      "max": 107.0
    }
  },
  "missed_sentences": 0,
  "partial_sentences": 2,
  "sentence_count": 64
}